Project,Package,Class,Method,Smell,Description,File,Status,Justification
group04,com.group4.backend,BackendApplicationTests,contextLoads,Missing assertion,The tool detected the smell in this test method because the test doesn't have any assertion.,/builds/.../BackendApplicationTests.java,Refactored,Injected ApplicationContext and added assertThat(applicationContext).isNotNull() — the context-load test now makes its implicit contract explicit: a non-null context proves the Spring application starts without errors.
group04,com.group4.backend,BackendApplicationTests,contextLoads,Empty test,The tool detected the smell in this test method because the test is empty.,/builds/.../BackendApplicationTests.java,Refactored,Same fix as Missing assertion above — the test body was literally empty ({}); adding the ApplicationContext assertion resolves both smells in one change.
group04,com.group4.backend.config,ApplicationConfigTest,userDetailsServiceReturnsUserWhenEmailExists,Assertion roulette,The test uses multiple assertion in the test. Total number of assertions: 3,/builds/.../ApplicationConfigTest.java,Not Refactored,The 3 assertions verify distinct aspects of the same UserDetails object (username / password / authority) returned by a single service call. Splitting into 3 tests would require duplicating the setup and mock stub in each; AssertJ provides clear field-level failure messages that identify which assertion failed.
group04,com.group4.backend.config,DataInitializerTest,createsAdminBrandAndInfluencerWhenMissing,Missing assertion,The tool detected the smell in this test method because the test doesn't have any assertion.,/builds/.../DataInitializerTest.java,Not Refactored,False positive — the test uses Mockito verify(userRepository times(3)).save(...) and verify(influencerProfileRepository).save(...) which ARE behavioral assertions. Designite does not recognise Mockito verify() as assertions.
group04,com.group4.backend.config,DataInitializerTest,skipsUserCreationWhenEmailsAlreadyExist,Missing assertion,The tool detected the smell in this test method because the test doesn't have any assertion.,/builds/.../DataInitializerTest.java,Not Refactored,False positive — the test uses verify(userRepository never()).save(...) and verify(influencerProfileRepository).save(...). Mockito verify() is a behavioral assertion; the tool does not detect it.
group04,com.group4.backend.config,DataInitializerTest,doesNotTouchProfileWhenInfluencerUserCannotBeResolved,Missing assertion,The tool detected the smell in this test method because the test doesn't have any assertion.,/builds/.../DataInitializerTest.java,Not Refactored,False positive — the test uses verify(influencerProfileRepository never()).save(any()) which is a negative behavioral assertion. Designite does not recognise verify() calls.
group04,com.group4.backend.config,DataInitializerTest,fillsDefaultsOnlyWhereProfileFieldsAreNull,Assertion roulette,The test uses multiple assertion in the test. Total number of assertions: 3,/builds/.../DataInitializerTest.java,Not Refactored,The 3 assertions (name / age / isComplete) verify different fields of the same captured InfluencerProfile from a single save() interaction; they are logically inseparable and splitting them would require duplicating the full DataInitializer setup per assertion.
group04,com.group4.backend.config,DatabaseSeederTest,seedsBrandWhenAdminBrandComMissing,Assertion roulette,The test uses multiple assertion in the test. Total number of assertions: 2,/builds/.../DatabaseSeederTest.java,Not Refactored,The 2 assertions verify different fields of the captured BrandProfile (userId / name) that result from a single save() call; they belong to the same logical verification and splitting would duplicate the mock setup without clarity gain.
group04,com.group4.backend.config,DatabaseSeederTest,skipsBrandSeedWhenAlreadyPresent,Missing assertion,The tool detected the smell in this test method because the test doesn't have any assertion.,/builds/.../DatabaseSeederTest.java,Not Refactored,False positive — the test uses verify(brandProfileRepository never()).save(any()) which is a negative behavioral assertion using Mockito verify(); Designite does not detect this as an assertion.
group04,com.group4.backend.config,RelaxedMailConfigSslPortTest,javaMailSenderUsesSslWhenPortIs465,Assertion roulette,The test uses multiple assertion in the test. Total number of assertions: 5,/builds/.../RelaxedMailConfigSslPortTest.java,Not Refactored,The 5 assertions verify distinct mail configuration properties (host / port / ssl.enable / starttls.enable / socketFactory) that collectively define a correct SSL mail sender; they must be checked together to confirm the full SSL configuration is applied correctly.
group04,com.group4.backend.config,RelaxedMailConfigStartTlsTest,javaMailSenderUsesStartTlsWhenPortIsNot465,Assertion roulette,The test uses multiple assertion in the test. Total number of assertions: 3,/builds/.../RelaxedMailConfigStartTlsTest.java,Not Refactored,The 3 assertions verify distinct STARTTLS properties (port / starttls.enable / ssl.enable absence) that together confirm the correct non-SSL mail configuration; splitting would require separate Spring test context loads per assertion which is costly and less readable.
group04,com.group4.backend.config,SecurityConfigTest,corsConfigurationSourceRegistersExpectedOriginsAndHeaders,Assertion roulette,The test uses multiple assertion in the test. Total number of assertions: 5,/builds/.../SecurityConfigTest.java,Not Refactored,The 5 assertions verify distinct CORS configuration attributes (allowedOrigins / allowedMethods / allowedHeaders / allowCredentials / non-null config) that collectively define the security policy; all must pass to confirm CORS is correctly configured.
group04,com.group4.backend.config,SpaWebConfigTest,addViewControllersRegistersRootForwardAtHighestPrecedence,Missing assertion,The tool detected the smell in this test method because the test doesn't have any assertion.,/builds/.../SpaWebConfigTest.java,Not Refactored,False positive — the test uses verify(viewControllerRegistry).addViewController("/") and verify(viewControllerRegistration).setViewName(...) and verify(viewControllerRegistry).setOrder(...). Mockito verify() calls are behavioral assertions that Designite does not recognise.
group04,com.group4.backend.config,SpaWebConfigTest,addResourceHandlersRegistersStaticLocationsAtLowestPrecedence,Missing assertion,The tool detected the smell in this test method because the test doesn't have any assertion.,/builds/.../SpaWebConfigTest.java,Not Refactored,False positive — the test uses multiple verify() calls confirming the correct resource handler registrations. Mockito verify() is a behavioral assertion; the tool does not detect it.
group04,com.group4.backend.controller,SocialLinkVerificationTest,shouldVerifyUserWhenSocialLinkProvided,Missing assertion,The tool detected the smell in this test method because the test doesn't have any assertion.,/builds/.../SocialLinkVerificationTest.java,Not Refactored,False positive — the test uses MockMvc andExpect(status().isOk()) and Mockito verify(userService).linkSocialAccount(...). Both are assertions; Designite does not recognise chained MockMvc result matchers or verify() calls.
group04,com.group4.backend.controller,SocialLinkVerificationTest,shouldFailIfHandleMissing,Missing assertion,The tool detected the smell in this test method because the test doesn't have any assertion.,/builds/.../SocialLinkVerificationTest.java,Not Refactored,False positive — the test uses MockMvc andExpect(status().isBadRequest()) which is an HTTP status assertion; Designite does not detect MockMvc chained assertions.
group04,com.group4.backend.controller,UserControllerTest,listInfluencers_asBrand_returns200,Missing assertion,The tool detected the smell in this test method because the test doesn't have any assertion.,/builds/.../UserControllerTest.java,Not Refactored,False positive — the test uses andExpect(status().isOk()) andExpect(jsonPath("$[0].id").value(1)) and andExpect(jsonPath("$[0].email").value("i@test.com")) which are MockMvc assertions on HTTP status and response body.
group04,com.group4.backend.controller,UserControllerTest,listInfluencers_asInfluencer_returns403,Missing assertion,The tool detected the smell in this test method because the test doesn't have any assertion.,/builds/.../UserControllerTest.java,Not Refactored,False positive — the test uses andExpect(status().isForbidden()) which is a MockMvc HTTP status assertion.
group04,com.group4.backend.controller,ProfileVerificationTest,createCampaign_asUnverifiedBrand_returns403,Missing assertion,The tool detected the smell in this test method because the test doesn't have any assertion.,/builds/.../ProfileVerificationTest.java,Not Refactored,False positive — the test uses andExpect(status().isForbidden()) which is a MockMvc HTTP status assertion; Designite does not detect MockMvc result matchers.
group04,com.group4.backend.controller,BrandProfileControllerTest,getMyProfile_asBrandWithProfile_returns200,Missing assertion,The tool detected the smell in this test method because the test doesn't have any assertion.,/builds/.../BrandProfileControllerTest.java,Not Refactored,False positive — all BrandProfileControllerTest methods use MockMvc andExpect(status().isXxx()) which are HTTP status assertions; Designite does not recognise chained MockMvc result matchers as assertions.
group04,com.group4.backend.controller,BrandProfileControllerTest,getMyProfile_asBrandNoProfile_returns404,Missing assertion,The tool detected the smell in this test method because the test doesn't have any assertion.,/builds/.../BrandProfileControllerTest.java,Not Refactored,False positive — same rationale as getMyProfile_asBrandWithProfile_returns200.
group04,com.group4.backend.controller,BrandProfileControllerTest,getMyProfile_asInfluencer_returns403,Missing assertion,The tool detected the smell in this test method because the test doesn't have any assertion.,/builds/.../BrandProfileControllerTest.java,Not Refactored,False positive — MockMvc andExpect(status().isForbidden()) is an assertion.
group04,com.group4.backend.controller,BrandProfileControllerTest,updateMyProfile_asBrand_returns200,Missing assertion,The tool detected the smell in this test method because the test doesn't have any assertion.,/builds/.../BrandProfileControllerTest.java,Not Refactored,False positive — MockMvc andExpect(status().isOk()) is an assertion.
group04,com.group4.backend.controller,BrandProfileControllerTest,updateMyProfile_asInfluencer_returns403,Missing assertion,The tool detected the smell in this test method because the test doesn't have any assertion.,/builds/.../BrandProfileControllerTest.java,Not Refactored,False positive — MockMvc status assertion.
group04,com.group4.backend.controller,BrandProfileControllerTest,getBrandProfile_withoutAuth_returns401,Missing assertion,The tool detected the smell in this test method because the test doesn't have any assertion.,/builds/.../BrandProfileControllerTest.java,Not Refactored,False positive — MockMvc status assertion.
group04,com.group4.backend.controller,BrandProfileControllerTest,getBrandProfile_publicProfileFound_returns200,Missing assertion,The tool detected the smell in this test method because the test doesn't have any assertion.,/builds/.../BrandProfileControllerTest.java,Not Refactored,False positive — MockMvc status assertion.
group04,com.group4.backend.controller,BrandProfileControllerTest,getBrandProfile_publicProfileNotFound_returns404,Missing assertion,The tool detected the smell in this test method because the test doesn't have any assertion.,/builds/.../BrandProfileControllerTest.java,Not Refactored,False positive — MockMvc status assertion.
group04,com.group4.backend.controller,BrandProfileControllerTest,updateMyProfile_validationFails_returns400,Missing assertion,The tool detected the smell in this test method because the test doesn't have any assertion.,/builds/.../BrandProfileControllerTest.java,Not Refactored,False positive — MockMvc status assertion.
group04,com.group4.backend.controller,BrandProfileControllerTest,getMyProfile_userNotFound_returns400,Missing assertion,The tool detected the smell in this test method because the test doesn't have any assertion.,/builds/.../BrandProfileControllerTest.java,Not Refactored,False positive — MockMvc status assertion.
group04,com.group4.backend.controller,CampaignControllerTest,createCampaign_asBrand_returns201,Missing assertion,The tool detected the smell in this test method because the test doesn't have any assertion.,/builds/.../CampaignControllerTest.java,Not Refactored,False positive — all CampaignControllerTest methods use MockMvc andExpect(status().isXxx()) assertions; Designite does not recognise MockMvc result matchers.
group04,com.group4.backend.controller,CampaignControllerTest,createCampaign_asInfluencer_returns403,Missing assertion,The tool detected the smell in this test method because the test doesn't have any assertion.,/builds/.../CampaignControllerTest.java,Not Refactored,False positive — MockMvc status assertion.
group04,com.group4.backend.controller,CampaignControllerTest,getMyCampaigns_asBrand_returns200,Missing assertion,The tool detected the smell in this test method because the test doesn't have any assertion.,/builds/.../CampaignControllerTest.java,Not Refactored,False positive — MockMvc status assertion.
group04,com.group4.backend.controller,CampaignControllerTest,getMyCampaigns_asInfluencer_returns403,Missing assertion,The tool detected the smell in this test method because the test doesn't have any assertion.,/builds/.../CampaignControllerTest.java,Not Refactored,False positive — MockMvc status assertion.
group04,com.group4.backend.controller,CampaignControllerTest,createInvitation_asBrand_returns201,Missing assertion,The tool detected the smell in this test method because the test doesn't have any assertion.,/builds/.../CampaignControllerTest.java,Not Refactored,False positive — MockMvc status assertion.
group04,com.group4.backend.controller,CampaignControllerTest,createInvitation_asInfluencer_returns403,Missing assertion,The tool detected the smell in this test method because the test doesn't have any assertion.,/builds/.../CampaignControllerTest.java,Not Refactored,False positive — MockMvc status assertion.
group04,com.group4.backend.controller,CampaignControllerTest,createCampaign_invalidRequest_returns400,Missing assertion,The tool detected the smell in this test method because the test doesn't have any assertion.,/builds/.../CampaignControllerTest.java,Not Refactored,False positive — MockMvc status assertion.
group04,com.group4.backend.controller,CampaignControllerTest,getRecommendations_asBrand_returns200,Missing assertion,The tool detected the smell in this test method because the test doesn't have any assertion.,/builds/.../CampaignControllerTest.java,Not Refactored,False positive — MockMvc status assertion.
group04,com.group4.backend.controller,CampaignControllerTest,generateDescription_asBrand_returns200,Missing assertion,The tool detected the smell in this test method because the test doesn't have any assertion.,/builds/.../CampaignControllerTest.java,Not Refactored,False positive — MockMvc status assertion.
group04,com.group4.backend.controller,CampaignControllerTest,generateDescription_missingName_returns400,Missing assertion,The tool detected the smell in this test method because the test doesn't have any assertion.,/builds/.../CampaignControllerTest.java,Not Refactored,False positive — MockMvc status assertion.
group04,com.group4.backend.controller,CampaignControllerTest,generateDescription_asInfluencer_returns403,Missing assertion,The tool detected the smell in this test method because the test doesn't have any assertion.,/builds/.../CampaignControllerTest.java,Not Refactored,False positive — MockMvc status assertion.
group04,com.group4.backend.controller,CampaignControllerTest,generateDescription_aiNotConfigured_returns400,Missing assertion,The tool detected the smell in this test method because the test doesn't have any assertion.,/builds/.../CampaignControllerTest.java,Not Refactored,False positive — MockMvc status assertion.
group04,com.group4.backend.controller,CampaignControllerTest,generateDescription_aiReturnsQuotedDescription_stripsQuotes,Missing assertion,The tool detected the smell in this test method because the test doesn't have any assertion.,/builds/.../CampaignControllerTest.java,Not Refactored,False positive — MockMvc status assertion plus jsonPath body assertions.
group04,com.group4.backend.controller,CampaignControllerTest,generateDescription_aiThrowsException_returns500,Missing assertion,The tool detected the smell in this test method because the test doesn't have any assertion.,/builds/.../CampaignControllerTest.java,Not Refactored,False positive — MockMvc status assertion.
group04,com.group4.backend.controller,CampaignControllerTest,generateDescription_withOnlyName_coversEmptyGoalAndBudgetBranches,Missing assertion,The tool detected the smell in this test method because the test doesn't have any assertion.,/builds/.../CampaignControllerTest.java,Not Refactored,False positive — MockMvc status assertion.
group04,com.group4.backend.controller,CampaignControllerTest,createCampaign_unverifiedBrand_returns403,Missing assertion,The tool detected the smell in this test method because the test doesn't have any assertion.,/builds/.../CampaignControllerTest.java,Not Refactored,False positive — MockMvc status assertion.
group04,com.group4.backend.controller,CampaignControllerTest,createCampaign_userNotFound_returns400,Missing assertion,The tool detected the smell in this test method because the test doesn't have any assertion.,/builds/.../CampaignControllerTest.java,Not Refactored,False positive — MockMvc status assertion.
group04,com.group4.backend.controller,CollaborationsControllerTest,getCollaborationHistory_asInfluencer_returns200WithList,Missing assertion,The tool detected the smell in this test method because the test doesn't have any assertion.,/builds/.../CollaborationsControllerTest.java,Not Refactored,False positive — MockMvc andExpect(status().isOk()) is an assertion; Designite does not detect MockMvc result matchers.
group04,com.group4.backend.controller,CollaborationsControllerTest,getCollaborationHistory_asBrand_returns403,Missing assertion,The tool detected the smell in this test method because the test doesn't have any assertion.,/builds/.../CollaborationsControllerTest.java,Not Refactored,False positive — MockMvc status assertion.
group04,com.group4.backend.controller,CollaborationsControllerTest,getCollaborationHistory_userNotFound_returns400,Missing assertion,The tool detected the smell in this test method because the test doesn't have any assertion.,/builds/.../CollaborationsControllerTest.java,Not Refactored,False positive — MockMvc status assertion.
group04,com.group4.backend.controller,InfluencerProfileControllerTest,search_asBrand_returns200AndList,Missing assertion,The tool detected the smell in this test method because the test doesn't have any assertion.,/builds/.../InfluencerProfileControllerTest.java,Not Refactored,False positive — all InfluencerProfileControllerTest methods use MockMvc andExpect(status().isXxx()) assertions; Designite does not recognise them.
group04,com.group4.backend.controller,InfluencerProfileControllerTest,search_asBrand_withQueryParams_passesParamsToService,Missing assertion,The tool detected the smell in this test method because the test doesn't have any assertion.,/builds/.../InfluencerProfileControllerTest.java,Not Refactored,False positive — MockMvc status assertion.
group04,com.group4.backend.controller,InfluencerProfileControllerTest,search_asBrand_withAvailableOnly_passesToService,Missing assertion,The tool detected the smell in this test method because the test doesn't have any assertion.,/builds/.../InfluencerProfileControllerTest.java,Not Refactored,False positive — MockMvc status assertion.
group04,com.group4.backend.controller,InfluencerProfileControllerTest,search_asInfluencer_returns403,Missing assertion,The tool detected the smell in this test method because the test doesn't have any assertion.,/builds/.../InfluencerProfileControllerTest.java,Not Refactored,False positive — MockMvc status assertion.
group04,com.group4.backend.controller,InfluencerProfileControllerTest,search_withMinFollowersGreaterThanMaxFollowers_returns400,Missing assertion,The tool detected the smell in this test method because the test doesn't have any assertion.,/builds/.../InfluencerProfileControllerTest.java,Not Refactored,False positive — MockMvc status assertion.
group04,com.group4.backend.controller,InfluencerProfileControllerTest,getMyProfile_asInfluencerWithProfile_returns200,Missing assertion,The tool detected the smell in this test method because the test doesn't have any assertion.,/builds/.../InfluencerProfileControllerTest.java,Not Refactored,False positive — MockMvc status assertion.
group04,com.group4.backend.controller,InfluencerProfileControllerTest,updateCollaborationAvailability_asInfluencer_returns200,Missing assertion,The tool detected the smell in this test method because the test doesn't have any assertion.,/builds/.../InfluencerProfileControllerTest.java,Not Refactored,False positive — MockMvc status assertion.
group04,com.group4.backend.controller,InfluencerProfileControllerTest,updateCollaborationAvailability_asBrand_returns403,Missing assertion,The tool detected the smell in this test method because the test doesn't have any assertion.,/builds/.../InfluencerProfileControllerTest.java,Not Refactored,False positive — MockMvc status assertion.
group04,com.group4.backend.controller,InfluencerProfileControllerTest,getMyProfile_asInfluencerNoProfile_returns404,Missing assertion,The tool detected the smell in this test method because the test doesn't have any assertion.,/builds/.../InfluencerProfileControllerTest.java,Not Refactored,False positive — MockMvc status assertion.
group04,com.group4.backend.controller,InfluencerProfileControllerTest,getMyProfile_asBrand_returns403,Missing assertion,The tool detected the smell in this test method because the test doesn't have any assertion.,/builds/.../InfluencerProfileControllerTest.java,Not Refactored,False positive — MockMvc status assertion.
group04,com.group4.backend.controller,InfluencerProfileControllerTest,updateMyProfile_asInfluencer_returns200,Missing assertion,The tool detected the smell in this test method because the test doesn't have any assertion.,/builds/.../InfluencerProfileControllerTest.java,Not Refactored,False positive — MockMvc status assertion.
group04,com.group4.backend.controller,InfluencerProfileControllerTest,updateMyProfile_asBrand_returns403,Missing assertion,The tool detected the smell in this test method because the test doesn't have any assertion.,/builds/.../InfluencerProfileControllerTest.java,Not Refactored,False positive — MockMvc status assertion.
group04,com.group4.backend.controller,InfluencerProfileControllerTest,getMyProfile_withoutAuth_returns401,Missing assertion,The tool detected the smell in this test method because the test doesn't have any assertion.,/builds/.../InfluencerProfileControllerTest.java,Not Refactored,False positive — MockMvc status assertion.
group04,com.group4.backend.controller,InfluencerProfileControllerTest,updateMyProfile_serviceThrowsIllegalArg_returns400,Missing assertion,The tool detected the smell in this test method because the test doesn't have any assertion.,/builds/.../InfluencerProfileControllerTest.java,Not Refactored,False positive — MockMvc status assertion.
group04,com.group4.backend.controller,InfluencerProfileControllerTest,enhanceBio_asInfluencer_returns200,Missing assertion,The tool detected the smell in this test method because the test doesn't have any assertion.,/builds/.../InfluencerProfileControllerTest.java,Not Refactored,False positive — MockMvc status assertion.
group04,com.group4.backend.controller,InfluencerProfileControllerTest,enhanceBio_quotedResponse_stripsQuotes,Missing assertion,The tool detected the smell in this test method because the test doesn't have any assertion.,/builds/.../InfluencerProfileControllerTest.java,Not Refactored,False positive — MockMvc status and body assertions.
group04,com.group4.backend.controller,InfluencerProfileControllerTest,enhanceBio_missingBio_returns400,Missing assertion,The tool detected the smell in this test method because the test doesn't have any assertion.,/builds/.../InfluencerProfileControllerTest.java,Not Refactored,False positive — MockMvc status assertion.
group04,com.group4.backend.controller,InfluencerProfileControllerTest,enhanceBio_aiNotConfigured_returns400,Missing assertion,The tool detected the smell in this test method because the test doesn't have any assertion.,/builds/.../InfluencerProfileControllerTest.java,Not Refactored,False positive — MockMvc status assertion.
group04,com.group4.backend.controller,InfluencerProfileControllerTest,enhanceBio_aiThrowsException_returns500,Missing assertion,The tool detected the smell in this test method because the test doesn't have any assertion.,/builds/.../InfluencerProfileControllerTest.java,Not Refactored,False positive — MockMvc status assertion.
group04,com.group4.backend.controller,InfluencerProfileControllerTest,enhanceBio_asBrand_returns403,Missing assertion,The tool detected the smell in this test method because the test doesn't have any assertion.,/builds/.../InfluencerProfileControllerTest.java,Not Refactored,False positive — MockMvc status assertion.
group04,com.group4.backend.controller,InfluencerProfileControllerTest,getMyProfile_userNotFound_returns400,Missing assertion,The tool detected the smell in this test method because the test doesn't have any assertion.,/builds/.../InfluencerProfileControllerTest.java,Not Refactored,False positive — MockMvc status assertion.
group04,com.group4.backend.controller,InvitationControllerTest,getMyInvitations_asInfluencer_returns200WithList,Missing assertion,The tool detected the smell in this test method because the test doesn't have any assertion.,/builds/.../InvitationControllerTest.java,Not Refactored,False positive — all InvitationControllerTest methods use MockMvc andExpect(status().isXxx()) assertions.
group04,com.group4.backend.controller,InvitationControllerTest,getMyInvitations_asBrand_returns403,Missing assertion,The tool detected the smell in this test method because the test doesn't have any assertion.,/builds/.../InvitationControllerTest.java,Not Refactored,False positive — MockMvc status assertion.
group04,com.group4.backend.controller,InvitationControllerTest,getInvitationById_asBrand_returns403,Missing assertion,The tool detected the smell in this test method because the test doesn't have any assertion.,/builds/.../InvitationControllerTest.java,Not Refactored,False positive — MockMvc status assertion.
group04,com.group4.backend.controller,InvitationControllerTest,getInvitationById_asInfluencer_returns200WithCampaignDetails,Missing assertion,The tool detected the smell in this test method because the test doesn't have any assertion.,/builds/.../InvitationControllerTest.java,Not Refactored,False positive — MockMvc status assertion.
group04,com.group4.backend.controller,InvitationControllerTest,respond_accept_asInfluencer_returns200,Missing assertion,The tool detected the smell in this test method because the test doesn't have any assertion.,/builds/.../InvitationControllerTest.java,Not Refactored,False positive — MockMvc status assertion.
group04,com.group4.backend.controller,InvitationControllerTest,respond_asBrand_returns403,Missing assertion,The tool detected the smell in this test method because the test doesn't have any assertion.,/builds/.../InvitationControllerTest.java,Not Refactored,False positive — MockMvc status assertion.
group04,com.group4.backend.controller,InvitationControllerTest,negotiate_asBrand_returns403,Missing assertion,The tool detected the smell in this test method because the test doesn't have any assertion.,/builds/.../InvitationControllerTest.java,Not Refactored,False positive — MockMvc status assertion.
group04,com.group4.backend.controller,InvitationControllerTest,negotiate_asInfluencer_returns200,Missing assertion,The tool detected the smell in this test method because the test doesn't have any assertion.,/builds/.../InvitationControllerTest.java,Not Refactored,False positive — MockMvc status assertion.
group04,com.group4.backend.controller,InvitationControllerTest,confirmTerms_asInfluencer_returns403,Missing assertion,The tool detected the smell in this test method because the test doesn't have any assertion.,/builds/.../InvitationControllerTest.java,Not Refactored,False positive — MockMvc status assertion.
group04,com.group4.backend.controller,InvitationControllerTest,confirmTerms_asBrand_returns200,Missing assertion,The tool detected the smell in this test method because the test doesn't have any assertion.,/builds/.../InvitationControllerTest.java,Not Refactored,False positive — MockMvc status assertion.
group04,com.group4.backend.controller,InvitationControllerTest,getSentInvitations_asBrand_returns200WithList,Missing assertion,The tool detected the smell in this test method because the test doesn't have any assertion.,/builds/.../InvitationControllerTest.java,Not Refactored,False positive — MockMvc status assertion.
group04,com.group4.backend.controller,InvitationControllerTest,getSentInvitations_asInfluencer_returns403,Missing assertion,The tool detected the smell in this test method because the test doesn't have any assertion.,/builds/.../InvitationControllerTest.java,Not Refactored,False positive — MockMvc status assertion.
group04,com.group4.backend.controller,InvitationControllerTest,getMyInvitationsAsBrand_returns200,Missing assertion,The tool detected the smell in this test method because the test doesn't have any assertion.,/builds/.../InvitationControllerTest.java,Not Refactored,False positive — MockMvc status assertion.
group04,com.group4.backend.controller,InvitationControllerTest,getMyInvitationsAsBrand_asInfluencer_returns403,Missing assertion,The tool detected the smell in this test method because the test doesn't have any assertion.,/builds/.../InvitationControllerTest.java,Not Refactored,False positive — MockMvc status assertion.
group04,com.group4.backend.controller,InvitationControllerTest,withdrawInvitation_asBrand_returns204,Missing assertion,The tool detected the smell in this test method because the test doesn't have any assertion.,/builds/.../InvitationControllerTest.java,Not Refactored,False positive — MockMvc status assertion.
group04,com.group4.backend.controller,InvitationControllerTest,withdrawInvitation_asInfluencer_returns403,Missing assertion,The tool detected the smell in this test method because the test doesn't have any assertion.,/builds/.../InvitationControllerTest.java,Not Refactored,False positive — MockMvc status assertion.
group04,com.group4.backend.controller,InvitationControllerTest,updateInvitation_asBrand_returns200WithUpdatedResponse,Missing assertion,The tool detected the smell in this test method because the test doesn't have any assertion.,/builds/.../InvitationControllerTest.java,Not Refactored,False positive — MockMvc status assertion.
group04,com.group4.backend.controller,InvitationControllerTest,updateInvitation_asInfluencer_returns403,Missing assertion,The tool detected the smell in this test method because the test doesn't have any assertion.,/builds/.../InvitationControllerTest.java,Not Refactored,False positive — MockMvc status assertion.
group04,com.group4.backend.controller,InvitationControllerTest,getMyInvitations_userNotFound_returns400,Missing assertion,The tool detected the smell in this test method because the test doesn't have any assertion.,/builds/.../InvitationControllerTest.java,Not Refactored,False positive — MockMvc status assertion.
group04,com.group4.backend.controller,PaymentControllerTest,createPayment_asBrand_returns201,Missing assertion,The tool detected the smell in this test method because the test doesn't have any assertion.,/builds/.../PaymentControllerTest.java,Not Refactored,False positive — all PaymentControllerTest methods use MockMvc andExpect(status().isXxx()) assertions.
group04,com.group4.backend.controller,PaymentControllerTest,createPayment_asInfluencer_returns403,Missing assertion,The tool detected the smell in this test method because the test doesn't have any assertion.,/builds/.../PaymentControllerTest.java,Not Refactored,False positive — MockMvc status assertion.
group04,com.group4.backend.controller,PaymentControllerTest,createPayment_invalidRequest_returns400,Missing assertion,The tool detected the smell in this test method because the test doesn't have any assertion.,/builds/.../PaymentControllerTest.java,Not Refactored,False positive — MockMvc status assertion.
group04,com.group4.backend.controller,PaymentControllerTest,getMyPayments_asInfluencer_returns200,Missing assertion,The tool detected the smell in this test method because the test doesn't have any assertion.,/builds/.../PaymentControllerTest.java,Not Refactored,False positive — MockMvc status assertion.
group04,com.group4.backend.controller,PaymentControllerTest,getMyPayments_asBrand_returns403,Missing assertion,The tool detected the smell in this test method because the test doesn't have any assertion.,/builds/.../PaymentControllerTest.java,Not Refactored,False positive — MockMvc status assertion.
group04,com.group4.backend.controller,PaymentControllerTest,updateStatus_asBrand_returns200,Missing assertion,The tool detected the smell in this test method because the test doesn't have any assertion.,/builds/.../PaymentControllerTest.java,Not Refactored,False positive — MockMvc status assertion.
group04,com.group4.backend.controller,PaymentControllerTest,updateStatus_invalidStatus_returns400,Missing assertion,The tool detected the smell in this test method because the test doesn't have any assertion.,/builds/.../PaymentControllerTest.java,Not Refactored,False positive — MockMvc status assertion.
group04,com.group4.backend.controller,PaymentControllerTest,updateStatus_missingStatusKey_returns400,Missing assertion,The tool detected the smell in this test method because the test doesn't have any assertion.,/builds/.../PaymentControllerTest.java,Not Refactored,False positive — MockMvc status assertion.
group04,com.group4.backend.controller,PaymentControllerTest,updateStatus_lowercaseStatus_parsesWithValueOf,Missing assertion,The tool detected the smell in this test method because the test doesn't have any assertion.,/builds/.../PaymentControllerTest.java,Not Refactored,False positive — MockMvc status assertion.
group04,com.group4.backend.controller,PaymentControllerTest,updateStatus_asInfluencer_returns403,Missing assertion,The tool detected the smell in this test method because the test doesn't have any assertion.,/builds/.../PaymentControllerTest.java,Not Refactored,False positive — MockMvc status assertion.
group04,com.group4.backend.controller,PaymentControllerTest,getPaymentsForCampaign_asBrand_returns200,Missing assertion,The tool detected the smell in this test method because the test doesn't have any assertion.,/builds/.../PaymentControllerTest.java,Not Refactored,False positive — MockMvc status assertion.
group04,com.group4.backend.controller,PaymentControllerTest,getPaymentsForCampaign_asInfluencer_returns403,Missing assertion,The tool detected the smell in this test method because the test doesn't have any assertion.,/builds/.../PaymentControllerTest.java,Not Refactored,False positive — MockMvc status assertion.
group04,com.group4.backend.controller,PaymentControllerTest,getDelayedPayments_asBrand_returns200,Missing assertion,The tool detected the smell in this test method because the test doesn't have any assertion.,/builds/.../PaymentControllerTest.java,Not Refactored,False positive — MockMvc status assertion.
group04,com.group4.backend.controller,PaymentControllerTest,getDelayedPayments_asInfluencer_returns403,Missing assertion,The tool detected the smell in this test method because the test doesn't have any assertion.,/builds/.../PaymentControllerTest.java,Not Refactored,False positive — MockMvc status assertion.
group04,com.group4.backend.controller,PaymentControllerTest,getInvoice_isAllowed,Missing assertion,The tool detected the smell in this test method because the test doesn't have any assertion.,/builds/.../PaymentControllerTest.java,Not Refactored,False positive — MockMvc status assertion.
group04,com.group4.backend.controller,PaymentControllerTest,createPayment_userNotFound_returns400,Missing assertion,The tool detected the smell in this test method because the test doesn't have any assertion.,/builds/.../PaymentControllerTest.java,Not Refactored,False positive — MockMvc status assertion.
group04,com.group4.backend.controller,RatingControllerTest,submitRating_asBrand_returns201,Missing assertion,The tool detected the smell in this test method because the test doesn't have any assertion.,/builds/.../RatingControllerTest.java,Not Refactored,False positive — all RatingControllerTest methods use MockMvc andExpect(status().isXxx()) assertions.
group04,com.group4.backend.controller,RatingControllerTest,submitRating_asInfluencer_returns403,Missing assertion,The tool detected the smell in this test method because the test doesn't have any assertion.,/builds/.../RatingControllerTest.java,Not Refactored,False positive — MockMvc status assertion.
group04,com.group4.backend.controller,RatingControllerTest,submitRating_invalidBody_returns400,Missing assertion,The tool detected the smell in this test method because the test doesn't have any assertion.,/builds/.../RatingControllerTest.java,Not Refactored,False positive — MockMvc status assertion.
group04,com.group4.backend.controller,RatingControllerTest,submitRating_userNotFound_returns400,Missing assertion,The tool detected the smell in this test method because the test doesn't have any assertion.,/builds/.../RatingControllerTest.java,Not Refactored,False positive — MockMvc status assertion.
group04,com.group4.backend.controller,AuthControllerTest,register_validRequest_returns201,Missing assertion,The tool detected the smell in this test method because the test doesn't have any assertion.,/builds/.../AuthControllerTest.java,Not Refactored,False positive — all AuthControllerTest methods use MockMvc andExpect(status().isXxx()) assertions; Designite does not recognise chained MockMvc result matchers.
group04,com.group4.backend.controller,AuthControllerTest,register_duplicateEmail_returns409,Missing assertion,The tool detected the smell in this test method because the test doesn't have any assertion.,/builds/.../AuthControllerTest.java,Not Refactored,False positive — MockMvc status assertion.
group04,com.group4.backend.controller,AuthControllerTest,register_validationFails_returns400,Missing assertion,The tool detected the smell in this test method because the test doesn't have any assertion.,/builds/.../AuthControllerTest.java,Not Refactored,False positive — MockMvc status assertion.
group04,com.group4.backend.controller,AuthControllerTest,confirmEmail_validToken_returns200,Missing assertion,The tool detected the smell in this test method because the test doesn't have any assertion.,/builds/.../AuthControllerTest.java,Not Refactored,False positive — MockMvc status assertion.
group04,com.group4.backend.controller,AuthControllerTest,confirmEmail_invalidToken_returns400,Missing assertion,The tool detected the smell in this test method because the test doesn't have any assertion.,/builds/.../AuthControllerTest.java,Not Refactored,False positive — MockMvc status assertion.
group04,com.group4.backend.controller,AuthControllerTest,login_validRequest_returns200,Missing assertion,The tool detected the smell in this test method because the test doesn't have any assertion.,/builds/.../AuthControllerTest.java,Not Refactored,False positive — MockMvc status assertion.
group04,com.group4.backend.controller,AuthControllerTest,login_invalidCredentials_returns401,Missing assertion,The tool detected the smell in this test method because the test doesn't have any assertion.,/builds/.../AuthControllerTest.java,Not Refactored,False positive — MockMvc status assertion.
group04,com.group4.backend.controller,AuthControllerTest,googleLogin_validToken_returns200,Missing assertion,The tool detected the smell in this test method because the test doesn't have any assertion.,/builds/.../AuthControllerTest.java,Not Refactored,False positive — MockMvc status assertion.
group04,com.group4.backend.controller,AuthControllerTest,forgotPassword_success_returns200,Missing assertion,The tool detected the smell in this test method because the test doesn't have any assertion.,/builds/.../AuthControllerTest.java,Not Refactored,False positive — MockMvc status assertion.
group04,com.group4.backend.controller,AuthControllerTest,forgotPassword_serviceThrows_returns500,Missing assertion,The tool detected the smell in this test method because the test doesn't have any assertion.,/builds/.../AuthControllerTest.java,Not Refactored,False positive — MockMvc status assertion.
group04,com.group4.backend.controller,AuthControllerTest,resetPassword_validRequest_returns200,Missing assertion,The tool detected the smell in this test method because the test doesn't have any assertion.,/builds/.../AuthControllerTest.java,Not Refactored,False positive — MockMvc status assertion.
group04,com.group4.backend.repository,InvitationRepositoryTest,shouldSaveInvitation,Assertion roulette,The test uses multiple assertion in the test. Total number of assertions: 8,/builds/.../InvitationRepositoryTest.java,Not Refactored,The 8 assertions verify distinct fields of the saved entity (id / campaignId / influencerId / brandId / status / brandMessage / createdAt / findById consistency) from a single repository save; splitting would require separate database inserts per assertion which is costly and harder to read.
group04,com.group4.backend.repository,InvitationRepositoryTest,findByInfluencerIdOrderByCreatedAtDesc_returnsCorrectOrder,Assertion roulette,The test uses multiple assertion in the test. Total number of assertions: 3,/builds/.../InvitationRepositoryTest.java,Not Refactored,The 3 assertions verify list size and ordering of the two saved records; they collectively confirm the repository's sort contract and splitting them would obscure which part of the contract is being verified.
group04,com.group4.backend.repository,InvitationRepositoryTest,findByCampaignIdAndInfluencerId_returnsOptional,Assertion roulette,The test uses multiple assertion in the test. Total number of assertions: 4,/builds/.../InvitationRepositoryTest.java,Not Refactored,The 4 assertions verify the empty-before-save state and the populated-after-save state (isPresent / influencerId / campaignId); all belong to the same round-trip verification scenario.
group04,com.group4.backend.repository,InvitationRepositoryTest,findByInfluencerIdAndStatusIn_returnsOnlyMatchingStatuses,Assertion roulette,The test uses multiple assertion in the test. Total number of assertions: 2,/builds/.../InvitationRepositoryTest.java,Not Refactored,The 2 assertions verify list size and status values; they are complementary and both are needed to confirm the filter-by-status contract.
group04,com.group4.backend.security,JwtAuthenticationFilterTest,doFilterInternal_whenValidBearerToken_setsAuthentication,Assertion roulette,The test uses multiple assertion in the test. Total number of assertions: 2,/builds/.../JwtAuthenticationFilterTest.java,Not Refactored,The 2 assertions verify that the SecurityContext authentication is of the correct type AND has the correct principal name; both are required to confirm the filter correctly populated the security context.
group04,com.group4.backend.service,BrandProfileServiceTest,getByUserId_whenProfileExists_returnsResponse,Assertion roulette,The test uses multiple assertion in the test. Total number of assertions: 7,/builds/.../BrandProfileServiceTest.java,Not Refactored,The 7 assertions verify distinct fields of the returned BrandProfileResponse (id / userId / name / email / description / industry / website) from a single getByUserId call; all are needed to confirm complete field mapping and splitting would require a separate service call and mock setup per field.
group04,com.group4.backend.service,BrandProfileServiceTest,createOrUpdateForUser_createsNewProfile,Assertion roulette,The test uses multiple assertion in the test. Total number of assertions: 7,/builds/.../BrandProfileServiceTest.java,Not Refactored,The 7 assertions verify distinct fields of the created profile; same rationale as getByUserId test above.
group04,com.group4.backend.service,BrandProfileServiceTest,createOrUpdateForUser_updatesExistingProfile,Assertion roulette,The test uses multiple assertion in the test. Total number of assertions: 3,/builds/.../BrandProfileServiceTest.java,Not Refactored,The 3 assertions verify the updated name / description / industry on the returned response from a single update operation.
group04,com.group4.backend.service,BrandProfileServiceTest,getPublicProfile_whenProfileExists_returnsResponse,Assertion roulette,The test uses multiple assertion in the test. Total number of assertions: 4,/builds/.../BrandProfileServiceTest.java,Not Refactored,The 4 assertions verify key public profile fields; all belong to the same service response.
group04,com.group4.backend.service,AiRecommendationServiceTest,getRecommendations_parsesGroqJsonAndReturnsRecommendations,Assertion roulette,The test uses multiple assertion in the test. Total number of assertions: 4,/builds/.../AiRecommendationServiceTest.java,Not Refactored,The 4 assertions verify list size and attributes (influencerId / matchScore / reason) of the top recommendation; they collectively confirm correct JSON parsing and enrichment from a single Groq API call.
group04,com.group4.backend.service,AiRecommendationServiceTest,getRecommendations_groqNotConfigured_usesMockGenerator,Assertion roulette,The test uses multiple assertion in the test. Total number of assertions: 3,/builds/.../AiRecommendationServiceTest.java,Not Refactored,The 3 assertions verify the mock fallback path output; all are part of the same scenario.
group04,com.group4.backend.service,AiRecommendationServiceTest,getRecommendations_mockGamingBranch_whenCampaignAndNicheContainGaming,Assertion roulette,The test uses multiple assertion in the test. Total number of assertions: 3,/builds/.../AiRecommendationServiceTest.java,Not Refactored,The 3 assertions verify the score range and niche of the top recommendation from the gaming branch; all needed to confirm the correct scoring path was taken.
group04,com.group4.backend.service,AiRecommendationServiceTest,getRecommendations_mockTechBranch_whenCampaignAndNicheAlign,Assertion roulette,The test uses multiple assertion in the test. Total number of assertions: 3,/builds/.../AiRecommendationServiceTest.java,Not Refactored,Same rationale as gaming branch test.
group04,com.group4.backend.service,AiRecommendationServiceTest,getRecommendations_mockFashionBranch_whenApparelCampaign,Assertion roulette,The test uses multiple assertion in the test. Total number of assertions: 3,/builds/.../AiRecommendationServiceTest.java,Not Refactored,Same rationale as gaming branch test.
group04,com.group4.backend.service,AiRecommendationServiceTest,getRecommendations_mockDescriptionContainsNiche_secondaryMatch,Assertion roulette,The test uses multiple assertion in the test. Total number of assertions: 3,/builds/.../AiRecommendationServiceTest.java,Not Refactored,Same rationale as gaming branch test.
group04,com.group4.backend.service,AiRecommendationServiceTest,getRecommendations_mockBaseline_whenNoKeywordMatch,Assertion roulette,The test uses multiple assertion in the test. Total number of assertions: 3,/builds/.../AiRecommendationServiceTest.java,Not Refactored,Same rationale as gaming branch test.
group04,com.group4.backend.service,AiRecommendationServiceTest,getRecommendations_mockHandlesNullCampaignNameDescriptionAndNiche,Assertion roulette,The test uses multiple assertion in the test. Total number of assertions: 2,/builds/.../AiRecommendationServiceTest.java,Not Refactored,The 2 assertions verify list is non-empty and first result has a non-null niche; complementary checks for the null-guard code path.
group04,com.group4.backend.service,AiRecommendationServiceTest,getRecommendations_groqInvalidJson_fallsBackToMock,Assertion roulette,The test uses multiple assertion in the test. Total number of assertions: 2,/builds/.../AiRecommendationServiceTest.java,Not Refactored,The 2 assertions verify that the fallback fires and returns a non-empty list; both needed to confirm the error path.
group04,com.group4.backend.service,AiRecommendationServiceTest,getRecommendations_groqSuccess_sortsByMatchScoreDescending,Assertion roulette,The test uses multiple assertion in the test. Total number of assertions: 3,/builds/.../AiRecommendationServiceTest.java,Not Refactored,The 3 assertions verify list size and that adjacent scores are in descending order; all required to confirm the sort contract.
group04,com.group4.backend.service,AiRecommendationServiceTest,getRecommendations_groqSuccess_enrichesFromProfileWhenPresent,Assertion roulette,The test uses multiple assertion in the test. Total number of assertions: 3,/builds/.../AiRecommendationServiceTest.java,Not Refactored,The 3 assertions verify name / niche / profilePictureUrl enrichment from the repository on a single DTO; all are part of the same enrichment contract.
group04,com.group4.backend.service,AiRecommendationServiceTest,getRecommendations_groqSuccess_skipsEnrichmentWhenProfileMissing,Assertion roulette,The test uses multiple assertion in the test. Total number of assertions: 2,/builds/.../AiRecommendationServiceTest.java,Not Refactored,The 2 assertions verify the DTO is present but name is null when profile lookup returns empty; complementary negative-enrichment checks.
group04,com.group4.backend.service,CampaignServiceTest,create_shouldCreateCampaignForBrandUser,Assertion roulette,The test uses multiple assertion in the test. Total number of assertions: 6,/builds/.../CampaignServiceTest.java,Not Refactored,The 6 assertions verify distinct fields of the created CampaignResponse (name / description / goal / budgetRange / status / userId) from a single create call; splitting would require separate service invocations per field.
group04,com.group4.backend.service,CampaignServiceTest,create_shouldNormalizeBlankOptionalFieldsToNull,Assertion roulette,The test uses multiple assertion in the test. Total number of assertions: 2,/builds/.../CampaignServiceTest.java,Not Refactored,The 2 assertions verify that two optional fields are both null after normalization; they test the same blank-to-null behaviour together.
group04,com.group4.backend.service,CampaignServiceTest,create_shouldAllowNullOptionalFields,Assertion roulette,The test uses multiple assertion in the test. Total number of assertions: 2,/builds/.../CampaignServiceTest.java,Not Refactored,The 2 assertions confirm two fields remain null when not provided; same rationale as above.
group04,com.group4.backend.service,CampaignServiceTest,findByUserId_shouldReturnMappedResponses,Assertion roulette,The test uses multiple assertion in the test. Total number of assertions: 4,/builds/.../CampaignServiceTest.java,Not Refactored,The 4 assertions verify list size and multiple fields of the first result; collectively confirm the mapping contract for a list query.
group04,com.group4.backend.service,CampaignServiceTest,findById_shouldReturnResponseWhenFound,Assertion roulette,The test uses multiple assertion in the test. Total number of assertions: 3,/builds/.../CampaignServiceTest.java,Not Refactored,The 3 assertions verify isPresent and two key fields of the found campaign; all part of the findById mapping contract.
group04,com.group4.backend.service,ConsoleEmailServiceTest,logActive_shouldRunWithoutThrowing,Missing assertion,The tool detected the smell in this test method because the test doesn't have any assertion.,/builds/.../ConsoleEmailServiceTest.java,Refactored,Replaced the empty method body with assertThatCode(() -> consoleEmailService.logActive()).doesNotThrowAnyException() making the no-exception contract explicit and machine-verifiable.
group04,com.group4.backend.service,ConsoleEmailServiceTest,sendConfirmationEmail_shouldPrintSimulatedEmailToConsole,Assertion roulette,The test uses multiple assertion in the test. Total number of assertions: 3,/builds/.../ConsoleEmailServiceTest.java,Not Refactored,The 3 assertions verify distinct substrings of the printed output (header / link / separator); all must be present to confirm the simulated email is complete and correctly formatted.
group04,com.group4.backend.service,ConsoleEmailServiceTest,sendPasswordResetEmail_shouldPrintSimulatedEmailToConsole,Assertion roulette,The test uses multiple assertion in the test. Total number of assertions: 3,/builds/.../ConsoleEmailServiceTest.java,Not Refactored,Same rationale as sendConfirmationEmail test above.
group04,com.group4.backend.service,InvitationServiceTest,createInvitation_shouldCreateAndReturnResponse,Assertion roulette,The test uses multiple assertion in the test. Total number of assertions: 6,/builds/.../InvitationServiceTest.java,Not Refactored,The 6 assertions verify distinct fields of the created InvitationResponse from a single createInvitation call; splitting would require separate service calls and mock setups per field.
group04,com.group4.backend.service,InvitationServiceTest,getInvitationsForInfluencer_returnsListOrderedByCreatedDesc,Assertion roulette,The test uses multiple assertion in the test. Total number of assertions: 3,/builds/.../InvitationServiceTest.java,Not Refactored,The 3 assertions verify list size and ordering of two records; collectively confirm the sort contract.
group04,com.group4.backend.service,InvitationServiceTest,getInvitationWithCampaignDetails_returnsInvitationAndCampaign,Assertion roulette,The test uses multiple assertion in the test. Total number of assertions: 4,/builds/.../InvitationServiceTest.java,Not Refactored,The 4 assertions verify different parts of the enriched InvitationDetailResponse (invitation fields and campaign fields); all needed to confirm the join contract.
group04,com.group4.backend.service,InvitationServiceTest,negotiate_shouldSetTermsAndStatusNegotiating,Assertion roulette,The test uses multiple assertion in the test. Total number of assertions: 2,/builds/.../InvitationServiceTest.java,Not Refactored,The 2 assertions verify status and terms fields set by negotiate(); both are required to confirm the negotiation transition.
group04,com.group4.backend.service,InvitationServiceTest,getCollaborationHistory_returnsOnlyAcceptedAndConfirmedForInfluencer,Assertion roulette,The test uses multiple assertion in the test. Total number of assertions: 2,/builds/.../InvitationServiceTest.java,Not Refactored,The 2 assertions verify list size and that all entries have one of the expected statuses; complementary checks for the filter contract.
group04,com.group4.backend.service,InvitationServiceTest,getInvitationsForBrand_returnsListOrderedByCreatedDesc,Assertion roulette,The test uses multiple assertion in the test. Total number of assertions: 3,/builds/.../InvitationServiceTest.java,Not Refactored,Same rationale as getInvitationsForInfluencer test.
group04,com.group4.backend.service,InvitationServiceTest,createInvitation_withCampaignDetails_savesDeliverablesTimelineAmountPlatformExpiresAt,Assertion roulette,The test uses multiple assertion in the test. Total number of assertions: 5,/builds/.../InvitationServiceTest.java,Not Refactored,The 5 assertions verify five distinct optional fields (deliverables / timeline / amount / platform / expiresAt) saved on the entity; all belong to the same createInvitation contract for optional campaign details.
group04,com.group4.backend.service,InvitationServiceTest,updateInvitation_asBrand_pending_updatesFieldsAndReturnsResponse,Assertion roulette,The test uses multiple assertion in the test. Total number of assertions: 2,/builds/.../InvitationServiceTest.java,Not Refactored,The 2 assertions verify updated brandMessage and status fields from a single updateInvitation call.
group04,com.group4.backend.service,InvitationServiceTest,getInvitationsForBrand_whenInvitationPendingButExpired_returnsEffectiveStatusExpired,Assertion roulette,The test uses multiple assertion in the test. Total number of assertions: 2,/builds/.../InvitationServiceTest.java,Not Refactored,The 2 assertions verify list size and that the effective status is EXPIRED; complementary checks for the expiry transition logic.
group04,com.group4.backend.service,InvitationServiceTest,createInvitation_defaultExpiresInDaysTo14_whenExpiresInDaysNull,Assertion roulette,The test uses multiple assertion in the test. Total number of assertions: 2,/builds/.../InvitationServiceTest.java,Not Refactored,The 2 assertions verify expiresAt is set and falls within the expected 14-day window; both needed to confirm the default expiry contract.
group04,com.group4.backend.service,InvitationServiceTest,createInvitation_defaultExpiresInDaysTo14_whenExpiresInDaysZero,Assertion roulette,The test uses multiple assertion in the test. Total number of assertions: 2,/builds/.../InvitationServiceTest.java,Not Refactored,Same rationale as the null case above.
group04,com.group4.backend.service,PaymentServiceTest,createPayment_shouldCreatePendingPaymentAndNormalizeInput,Assertion roulette,The test uses multiple assertion in the test. Total number of assertions: 6,/builds/.../PaymentServiceTest.java,Not Refactored,The 6 assertions verify distinct fields of the created PaymentResponse (status / invoiceNumber / amount / campaignId / influencerId / dueDate); all belong to the single createPayment contract.
group04,com.group4.backend.service,PaymentServiceTest,getPaymentsForInfluencer_shouldMapResponses,Assertion roulette,The test uses multiple assertion in the test. Total number of assertions: 3,/builds/.../PaymentServiceTest.java,Not Refactored,The 3 assertions verify list size and two key fields of the mapped response; collectively confirm the list-mapping contract.
group04,com.group4.backend.service,PaymentServiceTest,getPaymentsForCampaign_shouldReturnMappedResponses,Assertion roulette,The test uses multiple assertion in the test. Total number of assertions: 3,/builds/.../PaymentServiceTest.java,Not Refactored,Same rationale as getPaymentsForInfluencer test.
group04,com.group4.backend.service,PaymentServiceTest,updatePaymentStatus_shouldSetPaidDateWhenStatusPaid,Assertion roulette,The test uses multiple assertion in the test. Total number of assertions: 2,/builds/.../PaymentServiceTest.java,Not Refactored,The 2 assertions verify both the status and the paidDate are set after a PAID status update; complementary fields of the same state transition.
group04,com.group4.backend.service,PaymentServiceTest,updatePaymentStatus_shouldNotSetPaidDateForNonPaidStatus,Assertion roulette,The test uses multiple assertion in the test. Total number of assertions: 2,/builds/.../PaymentServiceTest.java,Not Refactored,The 2 assertions verify status is updated but paidDate remains null; complementary negative checks.
group04,com.group4.backend.service,PaymentServiceTest,getDelayedPayments_shouldUpdateOnlyPendingOverdueForRequestedBrand,Assertion roulette,The test uses multiple assertion in the test. Total number of assertions: 4,/builds/.../PaymentServiceTest.java,Not Refactored,The 4 assertions verify the list of delayed payments and confirm only the correct brand's overdue payments were updated; all needed to confirm the filter-and-update contract.
group04,com.group4.backend.service,PaymentServiceTest,getInvoice_shouldAllowInfluencerAndBrandAccess,Assertion roulette,The test uses multiple assertion in the test. Total number of assertions: 3,/builds/.../PaymentServiceTest.java,Not Refactored,The 3 assertions verify invoice fields (invoiceNumber / amount / status) returned by getInvoice; all part of the invoice-generation contract.
group04,com.group4.backend.service,RatingServiceTest,submitRating_whenInvitationConfirmed_andBrandOwner_returnsResponse,Assertion roulette,The test uses multiple assertion in the test. Total number of assertions: 3,/builds/.../RatingServiceTest.java,Not Refactored,The 3 assertions verify distinct fields of the RatingResponse (rating value / review / influencerId) from a single submitRating call.
group04,com.group4.backend.service,RatingServiceTest,submitRating_whenInvitationAccepted_succeeds,Assertion roulette,The test uses multiple assertion in the test. Total number of assertions: 2,/builds/.../RatingServiceTest.java,Not Refactored,The 2 assertions verify the response is non-null and has the correct rating value; minimal checks to confirm the accepted-status path succeeds.
group04,com.group4.backend.service,RatingServiceTest,submitRating_whenExistingRatingForInvitation_updatesSameEntity,Assertion roulette,The test uses multiple assertion in the test. Total number of assertions: 3,/builds/.../RatingServiceTest.java,Not Refactored,The 3 assertions verify the updated rating / review and that a second save was issued; together they confirm the update-not-insert contract.
group04,com.group4.backend.service,RatingServiceTest,getRatingsForInfluencer_returnsMappedListNewestFirst,Assertion roulette,The test uses multiple assertion in the test. Total number of assertions: 5,/builds/.../RatingServiceTest.java,Not Refactored,The 5 assertions verify list size and fields of both returned ratings (rating / review for each); all needed to confirm full list mapping and ordering.
group04,com.group4.backend.service,RatingServiceTest,getRecentReviews_limitsResults,Assertion roulette,The test uses multiple assertion in the test. Total number of assertions: 3,/builds/.../RatingServiceTest.java,Not Refactored,The 3 assertions verify list size and field values of the limited result; all part of the limit contract.
group04,com.group4.backend.service,SmtpEmailServiceTest,logActive_shouldLogWithoutThrowing,Missing assertion,The tool detected the smell in this test method because the test doesn't have any assertion.,/builds/.../SmtpEmailServiceTest.java,Refactored,Replaced the empty method body with assertThatCode(() -> smtpEmailService.logActive()).doesNotThrowAnyException() — same fix as ConsoleEmailServiceTest.logActive.
group04,com.group4.backend.service,SmtpEmailServiceTest,sendConfirmationEmail_shouldSendMessageWithFromSubjectAndBody,Assertion roulette,The test uses multiple assertion in the test. Total number of assertions: 5,/builds/.../SmtpEmailServiceTest.java,Not Refactored,The 5 assertions verify distinct fields of the sent SimpleMailMessage (from / to / subject / body-contains-welcome / body-contains-link); all are required to confirm the email is correctly constructed.
group04,com.group4.backend.service,SmtpEmailServiceTest,sendPasswordResetEmail_shouldSendMessageWithFromSubjectAndBody,Assertion roulette,The test uses multiple assertion in the test. Total number of assertions: 5,/builds/.../SmtpEmailServiceTest.java,Not Refactored,Same rationale as sendConfirmationEmail test above.
group04,com.group4.backend.service,UserServiceTest,listInfluencers_usesProfileNameAsDisplayNameWhenPresent,Assertion roulette,The test uses multiple assertion in the test. Total number of assertions: 4,/builds/.../UserServiceTest.java,Not Refactored,The 4 assertions verify list size and distinct fields of the returned InfluencerSearchResult (id / email / displayName) from a single listInfluencers call.
group04,com.group4.backend.service,UserServiceTest,listInfluencers_fallsBackToEmailWhenNoProfile,Assertion roulette,The test uses multiple assertion in the test. Total number of assertions: 2,/builds/.../UserServiceTest.java,Not Refactored,The 2 assertions verify id and displayName for the email-fallback code path; both needed to confirm the fallback contract.
group04,com.group4.backend.service,UserServiceTest,listInfluencers_mapsMultipleInfluencers,Assertion roulette,The test uses multiple assertion in the test. Total number of assertions: 3,/builds/.../UserServiceTest.java,Not Refactored,The 3 assertions verify list size and display names of two influencers; collectively confirm the multi-record mapping contract.
group04,com.group4.backend.service,AuthServiceTest,login_shouldAuthenticateAndReturnAuthResponse,Assertion roulette,The test uses multiple assertion in the test. Total number of assertions: 4,/builds/.../AuthServiceTest.java,Not Refactored,The 4 assertions verify distinct fields of the AuthResponse (token / email / role / id) from a single login call; splitting would require four separate login service calls with full mock setups.
group04,com.group4.backend.service,InfluencerProfileServiceTest,search_withNoFilters_returnsOnlyCompleteProfilesFromRepository,Assertion roulette,The test uses multiple assertion in the test. Total number of assertions: 7,/builds/.../InfluencerProfileServiceTest.java,Not Refactored,The 7 assertions verify list size and distinct fields of two returned profiles; collectively confirm the no-filter search mapping contract.
group04,com.group4.backend.service,InfluencerProfileServiceTest,search_withFilters_callsRepositoryWithSpecification,Assertion roulette,The test uses multiple assertion in the test. Total number of assertions: 2,/builds/.../InfluencerProfileServiceTest.java,Not Refactored,The 2 assertions verify the repository was called with a specification and the result is non-empty; complementary checks for the filter delegation contract.
group04,com.group4.backend.service,InfluencerProfileServiceTest,search_withPartialNiche_returnsMatchingProfiles,Assertion roulette,The test uses multiple assertion in the test. Total number of assertions: 2,/builds/.../InfluencerProfileServiceTest.java,Not Refactored,The 2 assertions verify list size and niche field of the returned profile; complementary checks for the partial niche search.
group04,com.group4.backend.service,InfluencerProfileServiceTest,search_withNicheQuery_ordersExactMatchBeforeSubstringMatch,Assertion roulette,The test uses multiple assertion in the test. Total number of assertions: 3,/builds/.../InfluencerProfileServiceTest.java,Not Refactored,The 3 assertions verify list size and ordering by niche-match quality of two results; all needed to confirm the relevance ranking contract.
group04,com.group4.backend.service,InfluencerProfileServiceTest,getByUserId_whenProfileExists_returnsMappedResponse,Assertion roulette,The test uses multiple assertion in the test. Total number of assertions: 4,/builds/.../InfluencerProfileServiceTest.java,Not Refactored,The 4 assertions verify isPresent and distinct fields of the mapped InfluencerProfileResponse (name / niche / location) from a single getByUserId call.
group04,com.group4.backend.service,InfluencerProfileServiceTest,getByUserId_whenProfileExists_includesRatingDataOnProfile,Assertion roulette,The test uses multiple assertion in the test. Total number of assertions: 6,/builds/.../InfluencerProfileServiceTest.java,Not Refactored,The 6 assertions verify all rating summary fields (averageRating / totalRatings / recentReviews list size / first review rating / first review text) on the returned profile response; all needed to confirm the rating enrichment contract.
group04,com.group4.backend.service,InfluencerProfileServiceTest,search_withAvailableOnlyTrue_stillInvokesRepository,Assertion roulette,The test uses multiple assertion in the test. Total number of assertions: 2,/builds/.../InfluencerProfileServiceTest.java,Not Refactored,The 2 assertions verify the repository is invoked and a non-empty result is returned when availableOnly=true.
group04,com.group4.backend.service,InfluencerProfileServiceTest,createOrUpdateForUser_saveAsDraft_setsCompleteFalse,Assertion roulette,The test uses multiple assertion in the test. Total number of assertions: 2,/builds/.../InfluencerProfileServiceTest.java,Not Refactored,The 2 assertions verify the returned response is non-null and isComplete is false; both needed to confirm the draft-save contract.
group04,com.group4.backend.service,InfluencerProfileServiceTest,createOrUpdateForUser_completeWithHandleAndRate_setsCompleteTrue,Assertion roulette,The test uses multiple assertion in the test. Total number of assertions: 4,/builds/.../InfluencerProfileServiceTest.java,Not Refactored,The 4 assertions verify isComplete / instagramHandle / rate / niche fields; all part of the profile completion contract.
group04,com.group4.backend.service,InfluencerProfileServiceTest,createOrUpdateForUser_completeWithOnlyYoutubeHandle_succeeds,Assertion roulette,The test uses multiple assertion in the test. Total number of assertions: 2,/builds/.../InfluencerProfileServiceTest.java,Not Refactored,The 2 assertions verify isComplete is true and youtubeHandle is set; complementary checks for the YouTube-only handle path.
group04,com.group4.backend.service,InfluencerProfileServiceTest,createOrUpdateForUser_updatesExistingProfile,Assertion roulette,The test uses multiple assertion in the test. Total number of assertions: 2,/builds/.../InfluencerProfileServiceTest.java,Not Refactored,The 2 assertions verify the niche and instagramHandle are updated on the returned profile; minimal checks confirming the update path.
group04,com.group4.backend.service,InfluencerProfileServiceTest,createOrUpdateForUser_completeWithZeroRate_succeeds,Assertion roulette,The test uses multiple assertion in the test. Total number of assertions: 3,/builds/.../InfluencerProfileServiceTest.java,Not Refactored,The 3 assertions verify isComplete / rate / instagramHandle for the zero-rate edge case; all needed to confirm the boundary condition.
group04,com.group4.backend.service,PasswordResetServiceTest,forgotPassword_shouldSaveTokenAndSendEmail,Missing assertion,The tool detected the smell in this test method because the test doesn't have any assertion.,/builds/.../PasswordResetServiceTest.java,Not Refactored,False positive — the test uses verify(tokenRepository).save(...) and verify(emailService).sendPasswordResetEmail(...) which ARE behavioral assertions confirming the side-effects of forgotPassword; Designite does not recognise Mockito verify() calls as assertions.
group04,com.group4.backend.service,RegistrationServiceTest,register_shouldCreatePendingSignupAndSendEmail,Assertion roulette,The test uses multiple assertion in the test. Total number of assertions: 6,/builds/.../RegistrationServiceTest.java,Not Refactored,The 6 assertions verify distinct aspects of the register flow (pending signup saved / confirmation token not empty / expiry set / email sent / response message); all belong to the single register contract.
group04,com.group4.backend.service,RegistrationServiceTest,confirmEmail_shouldCreateUserDeletePendingAndReturnAuthResponse,Assertion roulette,The test uses multiple assertion in the test. Total number of assertions: 5,/builds/.../RegistrationServiceTest.java,Not Refactored,The 5 assertions verify distinct fields of the AuthResponse and side-effects (token / email / role / user saved / pending deleted) from a single confirmEmail call; all needed to confirm the email confirmation contract.
